{
"type": "FeatureCollection",
"crs": { "type": "name", "properties": { "name": "urn:ogc:def:crs:EPSG::4283" } },
                                                                                
"features": [
{ "type": "Feature", "properties": { "id": "A1", "xmin": 144.700000, "xmax": 144.850000, "ymin": -37.650000, "ymax": -37.500000 }, "geometry": { "type": "Polygon", "coordinates": [ [ [ 144.7, -37.5 ], [ 144.85, -37.5 ], [ 144.85, -37.65 ], [ 144.7, -37.65 ], [ 144.7, -37.5 ] ] ] } },
{ "type": "Feature", "properties": { "id": "A2", "xmin": 144.850000, "xmax": 145.000000, "ymin": -37.650000, "ymax": -37.500000 }, "geometry": { "type": "Polygon", "coordinates": [ [ [ 144.85, -37.5 ], [ 145.0, -37.5 ], [ 145.0, -37.65 ], [ 144.85, -37.65 ], [ 144.85, -37.5 ] ] ] } },
{ "type": "Feature", "properties": { "id": "A3", "xmin": 145.000000, "xmax": 145.150000, "ymin": -37.650000, "ymax": -37.500000 }, "geometry": { "type": "Polygon", "coordinates": [ [ [ 145.0, -37.5 ], [ 145.15, -37.5 ], [ 145.15, -37.65 ], [ 145.0, -37.65 ], [ 145.0, -37.5 ] ] ] } },
{ "type": "Feature", "properties": { "id": "A4", "xmin": 145.150000, "xmax": 145.300000, "ymin": -37.650000, "ymax": -37.500000 }, "geometry": { "type": "Polygon", "coordinates": [ [ [ 145.15, -37.5 ], [ 145.3, -37.5 ], [ 145.3, -37.65 ], [ 145.15, -37.65 ], [ 145.15, -37.5 ] ] ] } },
{ "type": "Feature", "properties": { "id": "B1", "xmin": 144.700000, "xmax": 144.850000, "ymin": -37.800000, "ymax": -37.650000 }, "geometry": { "type": "Polygon", "coordinates": [ [ [ 144.7, -37.65 ], [ 144.85, -37.65 ], [ 144.85, -37.8 ], [ 144.7, -37.8 ], [ 144.7, -37.65 ] ] ] } },
{ "type": "Feature", "properties": { "id": "B2", "xmin": 144.850000, "xmax": 145.000000, "ymin": -37.800000, "ymax": -37.650000 }, "geometry": { "type": "Polygon", "coordinates": [ [ [ 144.85, -37.65 ], [ 145.0, -37.65 ], [ 145.0, -37.8 ], [ 144.85, -37.8 ], [ 144.85, -37.65 ] ] ] } },
{ "type": "Feature", "properties": { "id": "B3", "xmin": 145.000000, "xmax": 145.150000, "ymin": -37.800000, "ymax": -37.650000 }, "geometry": { "type": "Polygon", "coordinates": [ [ [ 145.0, -37.65 ], [ 145.15, -37.65 ], [ 145.15, -37.8 ], [ 145.0, -37.8 ], [ 145.0, -37.65 ] ] ] } },
{ "type": "Feature", "properties": { "id": "B4", "xmin": 145.150000, "xmax": 145.300000, "ymin": -37.800000, "ymax": -37.650000 }, "geometry": { "type": "Polygon", "coordinates": [ [ [ 145.15, -37.65 ], [ 145.3, -37.65 ], [ 145.3, -37.8 ], [ 145.15, -37.8 ], [ 145.15, -37.65 ] ] ] } },
{ "type": "Feature", "properties": { "id": "C1", "xmin": 144.700000, "xmax": 144.850000, "ymin": -37.950000, "ymax": -37.800000 }, "geometry": { "type": "Polygon", "coordinates": [ [ [ 144.7, -37.8 ], [ 144.85, -37.8 ], [ 144.85, -37.95 ], [ 144.7, -37.95 ], [ 144.7, -37.8 ] ] ] } },
{ "type": "Feature", "properties": { "id": "C2", "xmin": 144.850000, "xmax": 145.000000, "ymin": -37.950000, "ymax": -37.800000 }, "geometry": { "type": "Polygon", "coordinates": [ [ [ 144.85, -37.8 ], [ 145.0, -37.8 ], [ 145.0, -37.95 ], [ 144.85, -37.95 ], [ 144.85, -37.8 ] ] ] } },
{ "type": "Feature", "properties": { "id": "C3", "xmin": 145.000000, "xmax": 145.150000, "ymin": -37.950000, "ymax": -37.800000 }, "geometry": { "type": "Polygon", "coordinates": [ [ [ 145.0, -37.8 ], [ 145.15, -37.8 ], [ 145.15, -37.95 ], [ 145.0, -37.95 ], [ 145.0, -37.8 ] ] ] } },
{ "type": "Feature", "properties": { "id": "C4", "xmin": 145.150000, "xmax": 145.300000, "ymin": -37.950000, "ymax": -37.800000 }, "geometry": { "type": "Polygon", "coordinates": [ [ [ 145.15, -37.8 ], [ 145.3, -37.8 ], [ 145.3, -37.95 ], [ 145.15, -37.95 ], [ 145.15, -37.8 ] ] ] } },
{ "type": "Feature", "properties": { "id": "C5", "xmin": 145.300000, "xmax": 145.450000, "ymin": -37.950000, "ymax": -37.800000 }, "geometry": { "type": "Polygon", "coordinates": [ [ [ 145.3, -37.8 ], [ 145.45, -37.8 ], [ 145.45, -37.95 ], [ 145.3, -37.95 ], [ 145.3, -37.8 ] ] ] } },
{ "type": "Feature", "properties": { "id": "D3", "xmin": 145.000000, "xmax": 145.150000, "ymin": -38.100000, "ymax": -37.950000 }, "geometry": { "type": "Polygon", "coordinates": [ [ [ 145.0, -37.95 ], [ 145.15, -37.95 ], [ 145.15, -38.1 ], [ 145.0, -38.1 ], [ 145.0, -37.95 ] ] ] } },
{ "type": "Feature", "properties": { "id": "D4", "xmin": 145.150000, "xmax": 145.300000, "ymin": -38.100000, "ymax": -37.950000 }, "geometry": { "type": "Polygon", "coordinates": [ [ [ 145.15, -37.95 ], [ 145.3, -37.95 ], [ 145.3, -38.1 ], [ 145.15, -38.1 ], [ 145.15, -37.95 ] ] ] } },
{ "type": "Feature", "properties": { "id": "D5", "xmin": 145.300000, "xmax": 145.450000, "ymin": -38.100000, "ymax": -37.950000 }, "geometry": { "type": "Polygon", "coordinates": [ [ [ 145.3, -37.95 ], [ 145.45, -37.95 ], [ 145.45, -38.1 ], [ 145.3, -38.1 ], [ 145.3, -37.95 ] ] ] } }
]
}
